country,number_of_hours,low_upper_band,medium_upper_band
Argentina,1,69111,139712
Argentina,2,138221,279424
Argentina,3,207331,419136
Argentina,4,276442,558848
Argentina,5,345552,698559
Argentina,6,414662,838271
Argentina,7,483773,977983
Argentina,8,552883,1117695
Argentina,9,621993,1257407
Argentina,10,691103,1397118
Argentina,11,760214,1536830
Argentina,12,829324,1676542
Argentina,13,898434,1816254
Argentina,14,967545,1955965
Argentina,15,1036655,2095677
Argentina,16,1105765,2235389
Argentina,17,1174875,2375101
Argentina,18,1243986,2514813
Argentina,19,1313096,2654524
Argentina,20,1382206,2794236
Argentina,21,1451317,2933948
Argentina,22,1520427,3073660
Argentina,23,1589537,3213371
Argentina,24,1658648,3353083
Australia,1,100703,203579
Australia,2,201406,407157
Australia,3,302109,610735
Australia,4,402811,814314
Australia,5,503514,1017892
Australia,6,604217,1221470
Australia,7,704919,1425048
Australia,8,805622,1628627
Australia,9,906325,1832205
Australia,10,1007028,2035783
Australia,11,1107730,2239362
Australia,12,1208433,2442940
Australia,13,1309136,2646518
Australia,14,1409838,2850096
Australia,15,1510541,3053675
Australia,16,1611244,3257253
Australia,17,1711947,3460831
Australia,18,1812649,3664410
Australia,19,1913352,3867988
Australia,20,2014055,4071566
Australia,21,2114757,4275144
Australia,22,2215460,4478723
Australia,23,2316163,4682301
Australia,24,2416866,4885879
Austria,1,31759,64203
Austria,2,63518,128406
Austria,3,95277,192609
Austria,4,127036,256812
Austria,5,158795,321015
Austria,6,190553,385218
Austria,7,222312,449421
Austria,8,254071,513624
Austria,9,285830,577826
Austria,10,317589,642029
Austria,11,349347,706232
Austria,12,381106,770435
Austria,13,412865,834638
Austria,14,444624,898841
Austria,15,476383,963044
Austria,16,508142,1027247
Austria,17,539900,1091450
Austria,18,571659,1155652
Austria,19,603418,1219855
Austria,20,635177,1284058
Austria,21,666936,1348261
Austria,22,698694,1412464
Austria,23,730453,1476667
Austria,24,762212,1540870
Bangladesh,1,115271,233029
Bangladesh,2,230542,466058
Bangladesh,3,345813,699087
Bangladesh,4,461084,932116
Bangladesh,5,576355,1165145
Bangladesh,6,691626,1398174
Bangladesh,7,806897,1631203
Bangladesh,8,922167,1864232
Bangladesh,9,1037438,2097261
Bangladesh,10,1152709,2330290
Bangladesh,11,1267980,2563319
Bangladesh,12,1383251,2796348
Bangladesh,13,1498522,3029377
Bangladesh,14,1613793,3262405
Bangladesh,15,1729063,3495434
Bangladesh,16,1844334,3728463
Bangladesh,17,1959605,3961492
Bangladesh,18,2074876,4194521
Bangladesh,19,2190147,4427550
Bangladesh,20,2305418,4660579
Bangladesh,21,2420689,4893608
Bangladesh,22,2535959,5126637
Bangladesh,23,2651230,5359666
Bangladesh,24,2766501,5592695
Belgium,1,33542,67808
Belgium,2,67084,135615
Belgium,3,100626,203422
Belgium,4,134167,271229
Belgium,5,167709,339036
Belgium,6,201251,406844
Belgium,7,234793,474651
Belgium,8,268334,542458
Belgium,9,301876,610265
Belgium,10,335418,678072
Belgium,11,368960,745880
Belgium,12,402501,813687
Belgium,13,436043,881494
Belgium,14,469585,949301
Belgium,15,503126,1017108
Belgium,16,536668,1084916
Belgium,17,570210,1152723
Belgium,18,603752,1220530
Belgium,19,637293,1288337
Belgium,20,670835,1356144
Belgium,21,704377,1423952
Belgium,22,737919,1491759
Belgium,23,771460,1559566
Belgium,24,805002,1627373
Bolivia,1,67324,136100
Bolivia,2,134647,272199
Bolivia,3,201970,408298
Bolivia,4,269293,544397
Bolivia,5,336617,680496
Bolivia,6,403940,816595
Bolivia,7,471263,952694
Bolivia,8,538586,1088793
Bolivia,9,605910,1224892
Bolivia,10,673233,1360992
Bolivia,11,740556,1497091
Bolivia,12,807879,1633190
Bolivia,13,875203,1769289
Bolivia,14,942526,1905388
Bolivia,15,1009849,2041487
Bolivia,16,1077172,2177586
Bolivia,17,1144496,2313685
Bolivia,18,1211819,2449784
Bolivia,19,1279142,2585884
Bolivia,20,1346465,2721983
Bolivia,21,1413788,2858082
Bolivia,22,1481112,2994181
Bolivia,23,1548435,3130280
Bolivia,24,1615758,3266379
Bosnia and Herzegovina,1,111096,224588
Bosnia and Herzegovina,2,222191,449175
Bosnia and Herzegovina,3,333286,673762
Bosnia and Herzegovina,4,444381,898349
Bosnia and Herzegovina,5,555476,1122936
Bosnia and Herzegovina,6,666571,1347524
Bosnia and Herzegovina,7,777666,1572111
Bosnia and Herzegovina,8,888761,1796698
Bosnia and Herzegovina,9,999856,2021285
Bosnia and Herzegovina,10,1110951,2245872
Bosnia and Herzegovina,11,1222046,2470459
Bosnia and Herzegovina,12,1333141,2695047
Bosnia and Herzegovina,13,1444236,2919634
Bosnia and Herzegovina,14,1555331,3144221
Bosnia and Herzegovina,15,1666426,3368808
Bosnia and Herzegovina,16,1777521,3593395
Bosnia and Herzegovina,17,1888616,3817982
Bosnia and Herzegovina,18,1999711,4042570
Bosnia and Herzegovina,19,2110806,4267157
Bosnia and Herzegovina,20,2221901,4491744
Bosnia and Herzegovina,21,2332996,4716331
Bosnia and Herzegovina,22,2444091,4940918
Bosnia and Herzegovina,23,2555186,5165505
Bosnia and Herzegovina,24,2666281,5390093
Brazil,1,20483,41407
Brazil,2,40965,82814
Brazil,3,61448,124221
Brazil,4,81930,165627
Brazil,5,102412,207034
Brazil,6,122895,248441
Brazil,7,143377,289847
Brazil,8,163859,331254
Brazil,9,184342,372661
Brazil,10,204824,414067
Brazil,11,225306,455474
Brazil,12,245789,496881
Brazil,13,266271,538287
Brazil,14,286754,579694
Brazil,15,307236,621101
Brazil,16,327718,662507
Brazil,17,348201,703914
Brazil,18,368683,745321
Brazil,19,389165,786727
Brazil,20,409648,828134
Brazil,21,430130,869541
Brazil,22,450612,910947
Brazil,23,471095,952354
Brazil,24,491577,993761
Bulgaria,1,80234,162199
Bulgaria,2,160468,324397
Bulgaria,3,240701,486596
Bulgaria,4,320935,648794
Bulgaria,5,401169,810993
Bulgaria,6,481402,973191
Bulgaria,7,561636,1135389
Bulgaria,8,641869,1297588
Bulgaria,9,722103,1459786
Bulgaria,10,802337,1621985
Bulgaria,11,882570,1784183
Bulgaria,12,962804,1946382
Bulgaria,13,1043037,2108580
Bulgaria,14,1123271,2270778
Bulgaria,15,1203505,2432977
Bulgaria,16,1283738,2595175
Bulgaria,17,1363972,2757374
Bulgaria,18,1444205,2919572
Bulgaria,19,1524439,3081770
Bulgaria,20,1604673,3243969
Bulgaria,21,1684906,3406167
Bulgaria,22,1765140,3568366
Bulgaria,23,1845374,3730564
Bulgaria,24,1925607,3892763
Burundi,1,50181,101445
Burundi,2,100362,202889
Burundi,3,150543,304333
Burundi,4,200724,405778
Burundi,5,250904,507222
Burundi,6,301085,608666
Burundi,7,351266,710110
Burundi,8,401447,811555
Burundi,9,451627,912999
Burundi,10,501808,1014443
Burundi,11,551989,1115887
Burundi,12,602170,1217332
Burundi,13,652350,1318776
Burundi,14,702531,1420220
Burundi,15,752712,1521664
Burundi,16,802893,1623109
Burundi,17,853073,1724553
Burundi,18,903254,1825997
Burundi,19,953435,1927441
Burundi,20,1003616,2028886
Burundi,21,1053796,2130330
Burundi,22,1103977,2231774
Burundi,23,1154158,2333218
Burundi,24,1204339,2434663
Canada,1,25260,51064
Canada,2,50519,102128
Canada,3,75779,153192
Canada,4,101038,204256
Canada,5,126297,255319
Canada,6,151557,306383
Canada,7,176816,357447
Canada,8,202075,408511
Canada,9,227335,459574
Canada,10,252594,510638
Canada,11,277854,561702
Canada,12,303113,612766
Canada,13,328372,663829
Canada,14,353632,714893
Canada,15,378891,765957
Canada,16,404150,817021
Canada,17,429410,868084
Canada,18,454669,919148
Canada,19,479928,970212
Canada,20,505188,1021276
Canada,21,530447,1072339
Canada,22,555707,1123403
Canada,23,580966,1174467
Canada,24,606225,1225531
Chile,1,66763,134967
Chile,2,133526,269933
Chile,3,200289,404900
Chile,4,267052,539866
Chile,5,333815,674833
Chile,6,400578,809799
Chile,7,467341,944766
Chile,8,534104,1079732
Chile,9,600867,1214698
Chile,10,667630,1349665
Chile,11,734393,1484631
Chile,12,801156,1619598
Chile,13,867919,1754564
Chile,14,934682,1889531
Chile,15,1001445,2024497
Chile,16,1068208,2159463
Chile,17,1134971,2294430
Chile,18,1201734,2429396
Chile,19,1268496,2564363
Chile,20,1335259,2699329
Chile,21,1402022,2834296
Chile,22,1468785,2969262
Chile,23,1535548,3104229
Chile,24,1602311,3239195
China,1,107183,216678
China,2,214366,433356
China,3,321548,650034
China,4,428731,866712
China,5,535914,1083390
China,6,643096,1300068
China,7,750279,1516746
China,8,857462,1733424
China,9,964644,1950102
China,10,1071827,2166780
China,11,1179009,2383458
China,12,1286192,2600136
China,13,1393375,2816814
China,14,1500557,3033492
China,15,1607740,3250170
China,16,1714923,3466848
China,17,1822105,3683525
China,18,1929288,3900203
China,19,2036470,4116881
China,20,2143653,4333559
China,21,2250836,4550237
China,22,2358018,4766915
China,23,2465201,4983593
China,24,2572384,5200271
Colombia,1,32916,66542
Colombia,2,65832,133083
Colombia,3,98747,199624
Colombia,4,131663,266166
Colombia,5,164578,332707
Colombia,6,197494,399248
Colombia,7,230409,465789
Colombia,8,263325,532331
Colombia,9,296240,598872
Colombia,10,329156,665413
Colombia,11,362071,731955
Colombia,12,394987,798496
Colombia,13,427902,865037
Colombia,14,460818,931578
Colombia,15,493733,998120
Colombia,16,526649,1064661
Colombia,17,559565,1131202
Colombia,18,592480,1197744
Colombia,19,625396,1264285
Colombia,20,658311,1330826
Colombia,21,691227,1397367
Colombia,22,724142,1463909
Colombia,23,757058,1530450
Colombia,24,789973,1596991
Costa Rica,1,7470,15101
Costa Rica,2,14940,30201
Costa Rica,3,22409,45301
Costa Rica,4,29879,60401
Costa Rica,5,37348,75501
Costa Rica,6,44818,90602
Costa Rica,7,52287,105702
Costa Rica,8,59757,120802
Costa Rica,9,67226,135902
Costa Rica,10,74696,151002
Costa Rica,11,82165,166102
Costa Rica,12,89635,181203
Costa Rica,13,97104,196303
Costa Rica,14,104574,211403
Costa Rica,15,112043,226503
Costa Rica,16,119513,241603
Costa Rica,17,126982,256703
Costa Rica,18,134452,271804
Costa Rica,19,141921,286904
Costa Rica,20,149391,302004
Costa Rica,21,156860,317104
Costa Rica,22,164330,332204
Costa Rica,23,171799,347304
Costa Rica,24,179269,362405
Croatia,1,49435,99937
Croatia,2,98870,199874
Croatia,3,148305,299810
Croatia,4,197740,399747
Croatia,5,247175,499683
Croatia,6,296610,599620
Croatia,7,346045,699557
Croatia,8,395480,799493
Croatia,9,444915,899430
Croatia,10,494350,999366
Croatia,11,543785,1099303
Croatia,12,593220,1199240
Croatia,13,642655,1299176
Croatia,14,692090,1399113
Croatia,15,741525,1499049
Croatia,16,790960,1598986
Croatia,17,840395,1698923
Croatia,18,889830,1798859
Croatia,19,939265,1898796
Croatia,20,988700,1998732
Croatia,21,1038135,2098669
Croatia,22,1087570,2198606
Croatia,23,1137005,2298542
Croatia,24,1186440,2398479
Cyprus,1,118297,239147
Cyprus,2,236594,478293
Cyprus,3,354891,717439
Cyprus,4,473188,956585
Cyprus,5,591485,1195731
Cyprus,6,709781,1434877
Cyprus,7,828078,1674023
Cyprus,8,946375,1913170
Cyprus,9,1064672,2152316
Cyprus,10,1182969,2391462
Cyprus,11,1301266,2630608
Cyprus,12,1419562,2869754
Cyprus,13,1537859,3108900
Cyprus,14,1656156,3348046
Cyprus,15,1774453,3587193
Cyprus,16,1892750,3826339
Cyprus,17,2011046,4065485
Cyprus,18,2129343,4304631
Cyprus,19,2247640,4543777
Cyprus,20,2365937,4782923
Cyprus,21,2484234,5022069
Cyprus,22,2602531,5261215
Cyprus,23,2720827,5500362
Cyprus,24,2839124,5739508
Czechia,1,83261,168318
Czechia,2,166522,336636
Czechia,3,249782,504954
Czechia,4,333043,673271
Czechia,5,416303,841589
Czechia,6,499564,1009907
Czechia,7,582825,1178224
Czechia,8,666085,1346542
Czechia,9,749346,1514860
Czechia,10,832606,1683178
Czechia,11,915867,1851495
Czechia,12,999128,2019813
Czechia,13,1082388,2188131
Czechia,14,1165649,2356448
Czechia,15,1248909,2524766
Czechia,16,1332170,2693084
Czechia,17,1415431,2861402
Czechia,18,1498691,3029719
Czechia,19,1581952,3198037
Czechia,20,1665212,3366355
Czechia,21,1748473,3534672
Czechia,22,1831734,3702990
Czechia,23,1914994,3871308
Czechia,24,1998255,4039625
Denmark,1,36215,73210
Denmark,2,72429,146420
Denmark,3,108643,219629
Denmark,4,144857,292839
Denmark,5,181071,366049
Denmark,6,217285,439258
Denmark,7,253499,512468
Denmark,8,289713,585677
Denmark,9,325928,658887
Denmark,10,362142,732097
Denmark,11,398356,805306
Denmark,12,434570,878516
Denmark,13,470784,951726
Denmark,14,506998,1024935
Denmark,15,543212,1098145
Denmark,16,579426,1171354
Denmark,17,615640,1244564
Denmark,18,651855,1317774
Denmark,19,688069,1390983
Denmark,20,724283,1464193
Denmark,21,760497,1537403
Denmark,22,796711,1610612
Denmark,23,832925,1683822
Denmark,24,869139,1757031
Ecuador,1,36859,74513
Ecuador,2,73718,149026
Ecuador,3,110577,223539
Ecuador,4,147436,298052
Ecuador,5,184295,372565
Ecuador,6,221153,447078
Ecuador,7,258012,521591
Ecuador,8,294871,596104
Ecuador,9,331730,670617
Ecuador,10,368589,745130
Ecuador,11,405448,819643
Ecuador,12,442306,894156
Ecuador,13,479165,968669
Ecuador,14,516024,1043182
Ecuador,15,552883,1117695
Ecuador,16,589742,1192208
Ecuador,17,626601,1266721
Ecuador,18,663459,1341234
Ecuador,19,700318,1415747
Ecuador,20,737177,1490260
Ecuador,21,774036,1564773
Ecuador,22,810895,1639286
Ecuador,23,847754,1713798
Ecuador,24,884612,1788311
Egypt,1,94266,190566
Egypt,2,188532,381131
Egypt,3,282797,571696
Egypt,4,377063,762261
Egypt,5,471328,952826
Egypt,6,565594,1143391
Egypt,7,659859,1333956
Egypt,8,754125,1524521
Egypt,9,848390,1715086
Egypt,10,942656,1905651
Egypt,11,1036921,2096216
Egypt,12,1131187,2286781
Egypt,13,1225453,2477346
Egypt,14,1319718,2667911
Egypt,15,1413984,2858476
Egypt,16,1508249,3049041
Egypt,17,1602515,3239606
Egypt,18,1696780,3430171
Egypt,19,1791046,3620736
Egypt,20,1885311,3811302
Egypt,21,1979577,4001867
Egypt,22,2073842,4192432
Egypt,23,2168108,4382997
Egypt,24,2262374,4573562
El Salvador,1,38986,78813
El Salvador,2,77972,157625
El Salvador,3,116957,236437
El Salvador,4,155943,315250
El Salvador,5,194928,394062
El Salvador,6,233914,472874
El Salvador,7,272899,551687
El Salvador,8,311885,630499
El Salvador,9,350871,709311
El Salvador,10,389856,788124
El Salvador,11,428842,866936
El Salvador,12,467827,945748
El Salvador,13,506813,1024561
El Salvador,14,545798,1103373
El Salvador,15,584784,1182185
El Salvador,16,623770,1260998
El Salvador,17,662755,1339810
El Salvador,18,701741,1418622
El Salvador,19,740726,1497435
El Salvador,20,779712,1576247
El Salvador,21,818697,1655059
El Salvador,22,857683,1733872
El Salvador,23,896669,1812684
El Salvador,24,935654,1891496
Estonia,1,92385,186764
Estonia,2,184770,373527
Estonia,3,277155,560290
Estonia,4,369540,747054
Estonia,5,461925,933817
Estonia,6,554310,1120580
Estonia,7,646695,1307344
Estonia,8,739080,1494107
Estonia,9,831465,1680870
Estonia,10,923850,1867634
Estonia,11,1016235,2054397
Estonia,12,1108620,2241160
Estonia,13,1201005,2427924
Estonia,14,1293390,2614687
Estonia,15,1385775,2801450
Estonia,16,1478160,2988214
Estonia,17,1570545,3174977
Estonia,18,1662930,3361740
Estonia,19,1755315,3548504
Estonia,20,1847700,3735267
Estonia,21,1940085,3922030
Estonia,22,2032470,4108794
Estonia,23,2124855,4295557
Estonia,24,2217240,4482320
Finland,1,26438,53445
Finland,2,52875,106890
Finland,3,79312,160334
Finland,4,105749,213779
Finland,5,132186,267224
Finland,6,158623,320668
Finland,7,185060,374113
Finland,8,211497,427557
Finland,9,237934,481002
Finland,10,264371,534447
Finland,11,290808,587891
Finland,12,317246,641336
Finland,13,343683,694780
Finland,14,370120,748225
Finland,15,396557,801670
Finland,16,422994,855114
Finland,17,449431,908559
Finland,18,475868,962004
Finland,19,502305,1015448
Finland,20,528742,1068893
Finland,21,555179,1122337
Finland,22,581616,1175782
Finland,23,608054,1229227
Finland,24,634491,1282671
France,1,17038,34442
France,2,34075,68884
France,3,51112,103326
France,4,68149,137768
France,5,85186,172210
France,6,102224,206652
France,7,119261,241094
France,8,136298,275536
France,9,153335,309978
France,10,170372,344420
France,11,187409,378862
France,12,204447,413304
France,13,221484,447746
France,14,238521,482188
France,15,255558,516630
France,16,272595,551072
France,17,289632,585514
France,18,306670,619956
France,19,323707,654397
France,20,340744,688839
France,21,357781,723281
France,22,374818,757723
France,23,391855,792165
France,24,408893,826607
Georgia,1,27064,54712
Georgia,2,54128,109424
Georgia,3,81192,164135
Georgia,4,108256,218847
Georgia,5,135319,273558
Georgia,6,162383,328270
Georgia,7,189447,382981
Georgia,8,216511,437693
Georgia,9,243574,492404
Georgia,10,270638,547116
Georgia,11,297702,601827
Georgia,12,324766,656539
Georgia,13,351830,711250
Georgia,14,378893,765962
Georgia,15,405957,820673
Georgia,16,433021,875385
Georgia,17,460085,930096
Georgia,18,487148,984808
Georgia,19,514212,1039519
Georgia,20,541276,1094231
Georgia,21,568340,1148942
Georgia,22,595404,1203654
Georgia,23,622467,1258365
Georgia,24,649531,1313077
Germany,1,77357,156383
Germany,2,154714,312765
Germany,3,232070,469147
Germany,4,309427,625529
Germany,5,386783,781911
Germany,6,464140,938293
Germany,7,541496,1094675
Germany,8,618853,1251058
Germany,9,696209,1407440
Germany,10,773566,1563822
Germany,11,850922,1720204
Germany,12,928279,1876586
Germany,13,1005635,2032968
Germany,14,1082992,2189350
Germany,15,1160348,2345732
Germany,16,1237705,2502115
Germany,17,1315061,2658497
Germany,18,1392418,2814879
Germany,19,1469774,2971261
Germany,20,1547131,3127643
Germany,21,1624487,3284025
Germany,22,1701844,3440407
Germany,23,1779200,3596789
Germany,24,1856557,3753172
Greece,1,69132,139755
Greece,2,138264,279510
Greece,3,207395,419265
Greece,4,276527,559019
Greece,5,345658,698774
Greece,6,414790,838529
Greece,7,483921,978284
Greece,8,553053,1118038
Greece,9,622184,1257793
Greece,10,691316,1397548
Greece,11,760447,1537302
Greece,12,829579,1677057
Greece,13,898710,1816812
Greece,14,967842,1956567
Greece,15,1036974,2096321
Greece,16,1106105,2236076
Greece,17,1175237,2375831
Greece,18,1244368,2515586
Greece,19,1313500,2655340
Greece,20,1382631,2795095
Greece,21,1451763,2934850
Greece,22,1520894,3074604
Greece,23,1590026,3214359
Greece,24,1659157,3354114
Hungary,1,44581,90123
Hungary,2,89161,180245
Hungary,3,133741,270367
Hungary,4,178321,360489
Hungary,5,222901,450611
Hungary,6,267481,540733
Hungary,7,312061,630855
Hungary,8,356641,720977
Hungary,9,401221,811099
Hungary,10,445801,901221
Hungary,11,490382,991343
Hungary,12,534962,1081466
Hungary,13,579542,1171588
Hungary,14,624122,1261710
Hungary,15,668702,1351832
Hungary,16,713282,1441954
Hungary,17,757862,1532076
Hungary,18,802442,1622198
Hungary,19,847022,1712320
Hungary,20,891602,1802442
Hungary,21,936182,1892564
Hungary,22,980763,1982686
Hungary,23,1025343,2072809
Hungary,24,1069923,2162931
India,1,127138,257019
India,2,254275,514037
India,3,381413,771055
India,4,508550,1028073
India,5,635688,1285091
India,6,762825,1542110
India,7,889963,1799128
India,8,1017100,2056146
India,9,1144238,2313164
India,10,1271375,2570182
India,11,1398513,2827200
India,12,1525650,3084219
India,13,1652788,3341237
India,14,1779925,3598255
India,15,1907062,3855273
India,16,2034200,4112291
India,17,2161337,4369310
India,18,2288475,4626328
India,19,2415612,4883346
India,20,2542750,5140364
India,21,2669887,5397382
India,22,2797025,5654400
India,23,2924162,5911419
India,24,3051300,6168437
Indonesia,1,124253,251187
Indonesia,2,248506,502374
Indonesia,3,372759,753560
Indonesia,4,497012,1004747
Indonesia,5,621264,1255933
Indonesia,6,745517,1507120
Indonesia,7,869770,1758307
Indonesia,8,994023,2009493
Indonesia,9,1118276,2260680
Indonesia,10,1242528,2511866
Indonesia,11,1366781,2763053
Indonesia,12,1491034,3014240
Indonesia,13,1615287,3265426
Indonesia,14,1739540,3516613
Indonesia,15,1863792,3767799
Indonesia,16,1988045,4018986
Indonesia,17,2112298,4270173
Indonesia,18,2236551,4521359
Indonesia,19,2360804,4772546
Indonesia,20,2485056,5023732
Indonesia,21,2609309,5274919
Indonesia,22,2733562,5526106
Indonesia,23,2857815,5777292
Indonesia,24,2982068,6028479
Iran,1,97926,197964
Iran,2,195851,395928
Iran,3,293777,593892
Iran,4,391702,791856
Iran,5,489628,989820
Iran,6,587553,1187784
Iran,7,685479,1385748
Iran,8,783404,1583711
Iran,9,881330,1781675
Iran,10,979255,1979639
Iran,11,1077181,2177603
Iran,12,1175106,2375567
Iran,13,1273032,2573531
Iran,14,1370957,2771495
Iran,15,1468882,2969459
Iran,16,1566808,3167422
Iran,17,1664733,3365386
Iran,18,1762659,3563350
Iran,19,1860584,3761314
Iran,20,1958510,3959278
Iran,21,2056435,4157242
Iran,22,2154361,4355206
Iran,23,2252286,4553169
Iran,24,2350212,4751133
Ireland,1,69537,140573
Ireland,2,139073,281146
Ireland,3,208609,421719
Ireland,4,278145,562292
Ireland,5,347681,702864
Ireland,6,417218,843437
Ireland,7,486754,984010
Ireland,8,556290,1124583
Ireland,9,625826,1265155
Ireland,10,695362,1405728
Ireland,11,764899,1546301
Ireland,12,834435,1686874
Ireland,13,903971,1827446
Ireland,14,973507,1968019
Ireland,15,1043043,2108592
Ireland,16,1112580,2249165
Ireland,17,1182116,2389737
Ireland,18,1251652,2530310
Ireland,19,1321188,2670883
Ireland,20,1390724,2811456
Ireland,21,1460260,2952028
Ireland,22,1529797,3092601
Ireland,23,1599333,3233174
Ireland,24,1668869,3373747
Italy,1,74797,151207
Italy,2,149593,302413
Italy,3,224389,453619
Italy,4,299185,604825
Italy,5,373981,756031
Italy,6,448777,907238
Italy,7,523574,1058444
Italy,8,598370,1209650
Italy,9,673166,1360856
Italy,10,747962,1512062
Italy,11,822758,1663269
Italy,12,897554,1814475
Italy,13,972351,1965681
Italy,14,1047147,2116887
Italy,15,1121943,2268093
Italy,16,1196739,2419299
Italy,17,1271535,2570506
Italy,18,1346331,2721712
Italy,19,1421127,2872918
Italy,20,1495924,3024124
Italy,21,1570720,3175330
Italy,22,1645516,3326537
Italy,23,1720312,3477743
Italy,24,1795108,3628949
Japan,1,99330,200802
Japan,2,198659,401604
Japan,3,297988,602406
Japan,4,397318,803208
Japan,5,496647,1004009
Japan,6,595976,1204811
Japan,7,695305,1405613
Japan,8,794635,1606415
Japan,9,893964,1807217
Japan,10,993293,2008018
Japan,11,1092623,2208820
Japan,12,1191952,2409622
Japan,13,1291281,2610424
Japan,14,1390610,2811225
Japan,15,1489940,3012027
Japan,16,1589269,3212829
Japan,17,1688598,3413631
Japan,18,1787928,3614433
Japan,19,1887257,3815234
Japan,20,1986586,4016036
Japan,21,2085915,4216838
Japan,22,2185245,4417640
Japan,23,2284574,4618442
Japan,24,2383903,4819243
Kazakhstan,1,127575,257902
Kazakhstan,2,255149,515803
Kazakhstan,3,382723,773704
Kazakhstan,4,510298,1031605
Kazakhstan,5,637872,1289506
Kazakhstan,6,765446,1547408
Kazakhstan,7,893020,1805309
Kazakhstan,8,1020595,2063210
Kazakhstan,9,1148169,2321111
Kazakhstan,10,1275743,2579012
Kazakhstan,11,1403317,2836913
Kazakhstan,12,1530892,3094815
Kazakhstan,13,1658466,3352716
Kazakhstan,14,1786040,3610617
Kazakhstan,15,1913614,3868518
Kazakhstan,16,2041189,4126419
Kazakhstan,17,2168763,4384321
Kazakhstan,18,2296337,4642222
Kazakhstan,19,2423911,4900123
Kazakhstan,20,2551486,5158024
Kazakhstan,21,2679060,5415925
Kazakhstan,22,2806634,5673826
Kazakhstan,23,2934208,5931728
Kazakhstan,24,3061783,6189629
Kenya,1,20300,41038
Kenya,2,40600,82075
Kenya,3,60899,123112
Kenya,4,81199,164150
Kenya,5,101499,205187
Kenya,6,121798,246224
Kenya,7,142098,287262
Kenya,8,162398,328299
Kenya,9,182697,369336
Kenya,10,202997,410374
Kenya,11,223297,451411
Kenya,12,243596,492448
Kenya,13,263896,533486
Kenya,14,284196,574523
Kenya,15,304495,615560
Kenya,16,324795,656598
Kenya,17,345095,697635
Kenya,18,365394,738672
Kenya,19,385694,779710
Kenya,20,405994,820747
Kenya,21,426293,861784
Kenya,22,446593,902822
Kenya,23,466893,943859
Kenya,24,487192,984896
Kosovo,1,153956,311233
Kosovo,2,307911,622466
Kosovo,3,461867,933699
Kosovo,4,615822,1244931
Kosovo,5,769778,1556164
Kosovo,6,923733,1867397
Kosovo,7,1077688,2178630
Kosovo,8,1231644,2489862
Kosovo,9,1385599,2801095
Kosovo,10,1539555,3112328
Kosovo,11,1693510,3423561
Kosovo,12,1847466,3734793
Kosovo,13,2001421,4046026
Kosovo,14,2155376,4357259
Kosovo,15,2309332,4668492
Kosovo,16,2463287,4979724
Kosovo,17,2617243,5290957
Kosovo,18,2771198,5602190
Kosovo,19,2925154,5913423
Kosovo,20,3079109,6224655
Kosovo,21,3233064,6535888
Kosovo,22,3387020,6847121
Kosovo,23,3540975,7158354
Kosovo,24,3694931,7469586
Kuwait,1,115328,233144
Kuwait,2,230656,466288
Kuwait,3,345983,699431
Kuwait,4,461311,932575
Kuwait,5,576638,1165718
Kuwait,6,691966,1398862
Kuwait,7,807293,1632005
Kuwait,8,922621,1865149
Kuwait,9,1037949,2098293
Kuwait,10,1153276,2331436
Kuwait,11,1268604,2564580
Kuwait,12,1383931,2797723
Kuwait,13,1499259,3030867
Kuwait,14,1614586,3264010
Kuwait,15,1729914,3497154
Kuwait,16,1845242,3730297
Kuwait,17,1960569,3963441
Kuwait,18,2075897,4196585
Kuwait,19,2191224,4429728
Kuwait,20,2306552,4662872
Kuwait,21,2421879,4896015
Kuwait,22,2537207,5129159
Kuwait,23,2652535,5362302
Kuwait,24,2767862,5595446
Latvia,1,36820,74433
Latvia,2,73639,148865
Latvia,3,110458,223298
Latvia,4,147277,297730
Latvia,5,184096,372163
Latvia,6,220915,446595
Latvia,7,257734,521028
Latvia,8,294553,595460
Latvia,9,331372,669893
Latvia,10,368191,744325
Latvia,11,405010,818758
Latvia,12,441829,893190
Latvia,13,478648,967623
Latvia,14,515467,1042055
Latvia,15,552286,1116487
Latvia,16,589105,1190920
Latvia,17,625924,1265352
Latvia,18,662743,1339785
Latvia,19,699562,1414217
Latvia,20,736381,1488650
Latvia,21,773200,1563082
Latvia,22,810019,1637515
Latvia,23,846838,1711947
Latvia,24,883657,1786380
Lithuania,1,39283,79413
Lithuania,2,78565,158825
Lithuania,3,117847,238237
Lithuania,4,157130,317649
Lithuania,5,196412,397062
Lithuania,6,235694,476474
Lithuania,7,274977,555886
Lithuania,8,314259,635298
Lithuania,9,353541,714710
Lithuania,10,392824,794123
Lithuania,11,432106,873535
Lithuania,12,471388,952947
Lithuania,13,510670,1032359
Lithuania,14,549953,1111771
Lithuania,15,589235,1191184
Lithuania,16,628517,1270596
Lithuania,17,667800,1350008
Lithuania,18,707082,1429420
Lithuania,19,746364,1508832
Lithuania,20,785647,1588245
Lithuania,21,824929,1667657
Lithuania,22,864211,1747069
Lithuania,23,903494,1826481
Lithuania,24,942776,1905893
Luxembourg,1,32638,65980
Luxembourg,2,65276,131960
Luxembourg,3,97914,197940
Luxembourg,4,130552,263920
Luxembourg,5,163190,329900
Luxembourg,6,195828,395880
Luxembourg,7,228466,461860
Luxembourg,8,261104,527840
Luxembourg,9,293741,593820
Luxembourg,10,326379,659800
Luxembourg,11,359017,725780
Luxembourg,12,391655,791760
Luxembourg,13,424293,857740
Luxembourg,14,456931,923720
Luxembourg,15,489569,989700
Luxembourg,16,522207,1055680
Luxembourg,17,554845,1121660
Luxembourg,18,587482,1187640
Luxembourg,19,620120,1253620
Luxembourg,20,652758,1319600
Luxembourg,21,685396,1385580
Luxembourg,22,718034,1451560
Luxembourg,23,750672,1517540
Luxembourg,24,783310,1583520
Malaysia,1,109168,220692
Malaysia,2,218336,441383
Malaysia,3,327504,662074
Malaysia,4,436672,882765
Malaysia,5,545840,1103457
Malaysia,6,655008,1324148
Malaysia,7,764176,1544839
Malaysia,8,873343,1765530
Malaysia,9,982511,1986222
Malaysia,10,1091679,2206913
Malaysia,11,1200847,2427604
Malaysia,12,1310015,2648295
Malaysia,13,1419183,2868987
Malaysia,14,1528351,3089678
Malaysia,15,1637518,3310369
Malaysia,16,1746686,3531060
Malaysia,17,1855854,3751752
Malaysia,18,1965022,3972443
Malaysia,19,2074190,4193134
Malaysia,20,2183358,4413825
Malaysia,21,2292526,4634516
Malaysia,22,2401693,4855208
Malaysia,23,2510861,5075899
Malaysia,24,2620029,5296590
Malta,1,87009,175895
Malta,2,174018,351790
Malta,3,261027,527685
Malta,4,348035,703580
Malta,5,435044,879474
Malta,6,522053,1055369
Malta,7,609061,1231264
Malta,8,696070,1407159
Malta,9,783079,1583053
Malta,10,870087,1758948
Malta,11,957096,1934843
Malta,12,1044105,2110738
Malta,13,1131113,2286632
Malta,14,1218122,2462527
Malta,15,1305131,2638422
Malta,16,1392139,2814317
Malta,17,1479148,2990211
Malta,18,1566157,3166106
Malta,19,1653165,3342001
Malta,20,1740174,3517896
Malta,21,1827183,3693790
Malta,22,1914192,3869685
Malta,23,2001200,4045580
Malta,24,2088209,4221475
Mexico,1,85068,171971
Mexico,2,170135,343941
Mexico,3,255203,515912
Mexico,4,340270,687882
Mexico,5,425338,859853
Mexico,6,510405,1031823
Mexico,7,595473,1203794
Mexico,8,680540,1375764
Mexico,9,765608,1547735
Mexico,10,850675,1719705
Mexico,11,935743,1891676
Mexico,12,1020810,2063646
Mexico,13,1105878,2235617
Mexico,14,1190945,2407587
Mexico,15,1276013,2579558
Mexico,16,1361080,2751528
Mexico,17,1446148,2923499
Mexico,18,1531215,3095469
Mexico,19,1616283,3267440
Mexico,20,1701350,3439410
Mexico,21,1786418,3611381
Mexico,22,1871485,3783351
Mexico,23,1956553,3955322
Mexico,24,2041620,4127292
Moldova,1,133816,270518
Moldova,2,267631,541036
Moldova,3,401446,811554
Moldova,4,535262,1082072
Moldova,5,669077,1352590
Moldova,6,802892,1623108
Moldova,7,936708,1893626
Moldova,8,1070523,2164144
Moldova,9,1204338,2434662
Moldova,10,1338154,2705180
Moldova,11,1471969,2975698
Moldova,12,1605784,3246216
Moldova,13,1739600,3516734
Moldova,14,1873415,3787252
Moldova,15,2007230,4057770
Moldova,16,2141046,4328288
Moldova,17,2274861,4598806
Moldova,18,2408676,4869324
Moldova,19,2542492,5139842
Moldova,20,2676307,5410360
Moldova,21,2810122,5680878
Moldova,22,2943938,5951396
Moldova,23,3077753,6221914
Moldova,24,3211568,6492432
Mongolia,1,150474,304194
Mongolia,2,300947,608387
Mongolia,3,451420,912580
Mongolia,4,601893,1216773
Mongolia,5,752367,1520967
Mongolia,6,902840,1825160
Mongolia,7,1053313,2129353
Mongolia,8,1203786,2433546
Mongolia,9,1354259,2737739
Mongolia,10,1504733,3041933
Mongolia,11,1655206,3346126
Mongolia,12,1805679,3650319
Mongolia,13,1956152,3954512
Mongolia,14,2106626,4258705
Mongolia,15,2257099,4562899
Mongolia,16,2407572,4867092
Mongolia,17,2558045,5171285
Mongolia,18,2708518,5475478
Mongolia,19,2858992,5779671
Mongolia,20,3009465,6083865
Mongolia,21,3159938,6388058
Mongolia,22,3310411,6692251
Mongolia,23,3460885,6996444
Mongolia,24,3611358,7300637
Montenegro,1,78834,159369
Montenegro,2,157668,318738
Montenegro,3,236502,478106
Montenegro,4,315336,637475
Montenegro,5,394170,796844
Montenegro,6,473003,956212
Montenegro,7,551837,1115581
Montenegro,8,630671,1274949
Montenegro,9,709505,1434318
Montenegro,10,788339,1593687
Montenegro,11,867172,1753055
Montenegro,12,946006,1912424
Montenegro,13,1024840,2071792
Montenegro,14,1103674,2231161
Montenegro,15,1182508,2390530
Montenegro,16,1261341,2549898
Montenegro,17,1340175,2709267
Montenegro,18,1419009,2868635
Montenegro,19,1497843,3028004
Montenegro,20,1576677,3187373
Montenegro,21,1655510,3346741
Montenegro,22,1734344,3506110
Montenegro,23,1813178,3665478
Montenegro,24,1892012,3824847
Netherlands,1,71119,143771
Netherlands,2,142237,287542
Netherlands,3,213355,431312
Netherlands,4,284473,575083
Netherlands,5,355591,718853
Netherlands,6,426709,862624
Netherlands,7,497827,1006394
Netherlands,8,568945,1150165
Netherlands,9,640063,1293936
Netherlands,10,711181,1437706
Netherlands,11,782299,1581477
Netherlands,12,853417,1725247
Netherlands,13,924535,1869018
Netherlands,14,995653,2012788
Netherlands,15,1066771,2156559
Netherlands,16,1137889,2300330
Netherlands,17,1209007,2444100
Netherlands,18,1280125,2587871
Netherlands,19,1351243,2731641
Netherlands,20,1422361,2875412
Netherlands,21,1493479,3019182
Netherlands,22,1564597,3162953
Netherlands,23,1635715,3306723
Netherlands,24,1706833,3450494
New Zealand,1,21120,42694
New Zealand,2,42239,85388
New Zealand,3,63358,128082
New Zealand,4,84477,170776
New Zealand,5,105596,213470
New Zealand,6,126715,256164
New Zealand,7,147835,298858
New Zealand,8,168954,341552
New Zealand,9,190073,384246
New Zealand,10,211192,426940
New Zealand,11,232311,469634
New Zealand,12,253430,512328
New Zealand,13,274550,555022
New Zealand,14,295669,597716
New Zealand,15,316788,640410
New Zealand,16,337907,683104
New Zealand,17,359026,725798
New Zealand,18,380145,768492
New Zealand,19,401264,811186
New Zealand,20,422384,853880
New Zealand,21,443503,896574
New Zealand,22,464622,939268
New Zealand,23,485741,981962
New Zealand,24,506860,1024656
Nigeria,1,73889,149371
Nigeria,2,147777,298741
Nigeria,3,221665,448112
Nigeria,4,295553,597482
Nigeria,5,369441,746853
Nigeria,6,443329,896223
Nigeria,7,517217,1045593
Nigeria,8,591105,1194964
Nigeria,9,664993,1344334
Nigeria,10,738881,1493705
Nigeria,11,812769,1643075
Nigeria,12,886657,1792446
Nigeria,13,960545,1941816
Nigeria,14,1034433,2091186
Nigeria,15,1108322,2240557
Nigeria,16,1182210,2389927
Nigeria,17,1256098,2539298
Nigeria,18,1329986,2688668
Nigeria,19,1403874,2838038
Nigeria,20,1477762,2987409
Nigeria,21,1551650,3136779
Nigeria,22,1625538,3286150
Nigeria,23,1699426,3435520
Nigeria,24,1773314,3584891
North Macedonia,1,109135,220624
North Macedonia,2,218269,441248
North Macedonia,3,327404,661871
North Macedonia,4,436538,882495
North Macedonia,5,545672,1103118
North Macedonia,6,654807,1323742
North Macedonia,7,763941,1544365
North Macedonia,8,873075,1764989
North Macedonia,9,982210,1985612
North Macedonia,10,1091344,2206236
North Macedonia,11,1200478,2426859
North Macedonia,12,1309613,2647483
North Macedonia,13,1418747,2868106
North Macedonia,14,1527882,3088730
North Macedonia,15,1637016,3309353
North Macedonia,16,1746150,3529977
North Macedonia,17,1855285,3750600
North Macedonia,18,1964419,3971224
North Macedonia,19,2073553,4191847
North Macedonia,20,2182688,4412471
North Macedonia,21,2291822,4633094
North Macedonia,22,2400956,4853718
North Macedonia,23,2510091,5074341
North Macedonia,24,2619225,5294965
Norway,1,5806,11738
Norway,2,11612,23475
Norway,3,17418,35212
Norway,4,23224,46949
Norway,5,29030,58686
Norway,6,34836,70423
Norway,7,40642,82160
Norway,8,46447,93897
Norway,9,52253,105634
Norway,10,58059,117371
Norway,11,63865,129108
Norway,12,69671,140845
Norway,13,75477,152582
Norway,14,81283,164319
Norway,15,87089,176056
Norway,16,92894,187793
Norway,17,98700,199530
Norway,18,104506,211267
Norway,19,110312,223004
Norway,20,116118,234741
Norway,21,121924,246478
Norway,22,127730,258215
Norway,23,133536,269952
Norway,24,139341,281689
Oman,1,98008,198130
Oman,2,196015,396259
Oman,3,294023,594389
Oman,4,392030,792518
Oman,5,490037,990648
Oman,6,588045,1188777
Oman,7,686052,1386907
Oman,8,784059,1585036
Oman,9,882067,1783166
Oman,10,980074,1981295
Oman,11,1078082,2179424
Oman,12,1176089,2377554
Oman,13,1274096,2575683
Oman,14,1372104,2773813
Oman,15,1470111,2971942
Oman,16,1568118,3170072
Oman,17,1666126,3368201
Oman,18,1764133,3566331
Oman,19,1862141,3764460
Oman,20,1960148,3962589
Oman,21,2058155,4160719
Oman,22,2156163,4358848
Oman,23,2254170,4556978
Oman,24,2352177,4755107
Pakistan,1,69080,139650
Pakistan,2,138160,279300
Pakistan,3,207240,418950
Pakistan,4,276319,558600
Pakistan,5,345399,698250
Pakistan,6,414479,837900
Pakistan,7,483559,977550
Pakistan,8,552638,1117200
Pakistan,9,621718,1256850
Pakistan,10,690798,1396500
Pakistan,11,759878,1536150
Pakistan,12,828957,1675800
Pakistan,13,898037,1815450
Pakistan,14,967117,1955100
Pakistan,15,1036196,2094750
Pakistan,16,1105276,2234400
Pakistan,17,1174356,2374050
Pakistan,18,1243436,2513700
Pakistan,19,1312515,2653350
Pakistan,20,1381595,2793000
Pakistan,21,1450675,2932650
Pakistan,22,1519755,3072300
Pakistan,23,1588834,3211950
Pakistan,24,1657914,3351600
Peru,1,51488,104087
Peru,2,102976,208174
Peru,3,154464,312261
Peru,4,205952,416348
Peru,5,257440,520435
Peru,6,308928,624521
Peru,7,360416,728608
Peru,8,411904,832695
Peru,9,463392,936782
Peru,10,514880,1040869
Peru,11,566368,1144955
Peru,12,617856,1249042
Peru,13,669344,1353129
Peru,14,720832,1457216
Peru,15,772319,1561303
Peru,16,823807,1665390
Peru,17,875295,1769476
Peru,18,926783,1873563
Peru,19,978271,1977650
Peru,20,1029759,2081737
Peru,21,1081247,2185824
Peru,22,1132735,2289910
Peru,23,1184223,2393997
Peru,24,1235711,2498084
Philippines,1,119320,241215
Philippines,2,238640,482429
Philippines,3,357960,723644
Philippines,4,477280,964858
Philippines,5,596600,1206073
Philippines,6,715920,1447287
Philippines,7,835240,1688502
Philippines,8,954560,1929716
Philippines,9,1073880,2170931
Philippines,10,1193200,2412145
Philippines,11,1312520,2653360
Philippines,12,1431840,2894574
Philippines,13,1551160,3135789
Philippines,14,1670480,3377003
Philippines,15,1789800,3618217
Philippines,16,1909120,3859432
Philippines,17,2028440,4100646
Philippines,18,2147760,4341861
Philippines,19,2267080,4583075
Philippines,20,2386399,4824290
Philippines,21,2505719,5065504
Philippines,22,2625039,5306719
Philippines,23,2744359,5547933
Philippines,24,2863679,5789148
Poland,1,127104,256950
Poland,2,254207,513899
Poland,3,381311,770848
Poland,4,508414,1027797
Poland,5,635517,1284747
Poland,6,762621,1541696
Poland,7,889724,1798645
Poland,8,1016827,2055594
Poland,9,1143931,2312543
Poland,10,1271034,2569493
Poland,11,1398137,2826442
Poland,12,1525241,3083391
Poland,13,1652344,3340340
Poland,14,1779447,3597290
Poland,15,1906551,3854239
Poland,16,2033654,4111188
Poland,17,2160758,4368137
Poland,18,2287861,4625086
Poland,19,2414964,4882036
Poland,20,2542068,5138985
Poland,21,2669171,5395934
Poland,22,2796274,5652883
Poland,23,2923378,5909833
Poland,24,3050481,6166782
Portugal,1,47091,95198
Portugal,2,94182,190395
Portugal,3,141272,285592
Portugal,4,188363,380789
Portugal,5,235453,475986
Portugal,6,282544,571184
Portugal,7,329634,666381
Portugal,8,376725,761578
Portugal,9,423816,856775
Portugal,10,470906,951972
Portugal,11,517997,1047170
Portugal,12,565087,1142367
Portugal,13,612178,1237564
Portugal,14,659268,1332761
Portugal,15,706359,1427958
Portugal,16,753450,1523156
Portugal,17,800540,1618353
Portugal,18,847631,1713550
Portugal,19,894721,1808747
Portugal,20,941812,1903944
Portugal,21,988902,1999142
Portugal,22,1035993,2094339
Portugal,23,1083083,2189536
Portugal,24,1130174,2284733
Qatar,1,98411,198944
Qatar,2,196821,397888
Qatar,3,295231,596832
Qatar,4,393641,795776
Qatar,5,492051,994719
Qatar,6,590462,1193663
Qatar,7,688872,1392607
Qatar,8,787282,1591551
Qatar,9,885692,1790494
Qatar,10,984102,1989438
Qatar,11,1082513,2188382
Qatar,12,1180923,2387326
Qatar,13,1279333,2586269
Qatar,14,1377743,2785213
Qatar,15,1476153,2984157
Qatar,16,1574563,3183101
Qatar,17,1672974,3382044
Qatar,18,1771384,3580988
Qatar,19,1869794,3779932
Qatar,20,1968204,3978876
Qatar,21,2066614,4177820
Qatar,22,2165025,4376763
Qatar,23,2263435,4575707
Qatar,24,2361845,4774651
Romania,1,53039,107223
Romania,2,106078,214445
Romania,3,159117,321667
Romania,4,212156,428890
Romania,5,265195,536112
Romania,6,318234,643334
Romania,7,371273,750556
Romania,8,424312,857779
Romania,9,477351,965001
Romania,10,530390,1072223
Romania,11,583429,1179445
Romania,12,636467,1286668
Romania,13,689506,1393890
Romania,14,742545,1501112
Romania,15,795584,1608334
Romania,16,848623,1715557
Romania,17,901662,1822779
Romania,18,954701,1930001
Romania,19,1007740,2037223
Romania,20,1060779,2144446
Romania,21,1113818,2251668
Romania,22,1166857,2358890
Romania,23,1219896,2466112
Romania,24,1272934,2573335
Russia,1,72998,147571
Russia,2,145996,295142
Russia,3,218994,442713
Russia,4,291992,590284
Russia,5,364990,737854
Russia,6,437988,885425
Russia,7,510985,1032996
Russia,8,583983,1180567
Russia,9,656981,1328137
Russia,10,729979,1475708
Russia,11,802977,1623279
Russia,12,875975,1770850
Russia,13,948972,1918420
Russia,14,1021970,2065991
Russia,15,1094968,2213562
Russia,16,1167966,2361133
Russia,17,1240964,2508703
Russia,18,1313962,2656274
Russia,19,1386960,2803845
Russia,20,1459957,2951416
Russia,21,1532955,3098986
Russia,22,1605953,3246557
Russia,23,1678951,3394128
Russia,24,1751949,3541699
Saudi Arabia,1,111960,226336
Saudi Arabia,2,223920,452671
Saudi Arabia,3,335880,679007
Saudi Arabia,4,447840,905342
Saudi Arabia,5,559800,1131678
Saudi Arabia,6,671760,1358013
Saudi Arabia,7,783719,1584349
Saudi Arabia,8,895679,1810684
Saudi Arabia,9,1007639,2037019
Saudi Arabia,10,1119599,2263355
Saudi Arabia,11,1231559,2489690
Saudi Arabia,12,1343519,2716026
Saudi Arabia,13,1455478,2942361
Saudi Arabia,14,1567438,3168697
Saudi Arabia,15,1679398,3395032
Saudi Arabia,16,1791358,3621367
Saudi Arabia,17,1903318,3847703
Saudi Arabia,18,2015278,4074038
Saudi Arabia,19,2127237,4300374
Saudi Arabia,20,2239197,4526709
Saudi Arabia,21,2351157,4753045
Saudi Arabia,22,2463117,4979380
Saudi Arabia,23,2575077,5205715
Saudi Arabia,24,2687037,5432051
Serbia,1,116847,236215
Serbia,2,233693,472429
Serbia,3,350540,708643
Serbia,4,467386,944857
Serbia,5,584233,1181071
Serbia,6,701079,1417285
Serbia,7,817925,1653499
Serbia,8,934772,1889713
Serbia,9,1051618,2125927
Serbia,10,1168465,2362141
Serbia,11,1285311,2598355
Serbia,12,1402158,2834569
Serbia,13,1519004,3070783
Serbia,14,1635850,3306997
Serbia,15,1752697,3543211
Serbia,16,1869543,3779425
Serbia,17,1986390,4015639
Serbia,18,2103236,4251853
Serbia,19,2220082,4488067
Serbia,20,2336929,4724281
Serbia,21,2453775,4960495
Serbia,22,2570622,5196709
Serbia,23,2687468,5432923
Serbia,24,2804315,5669137
Singapore,1,98109,198334
Singapore,2,196217,396668
Singapore,3,294326,595002
Singapore,4,392434,793336
Singapore,5,490543,991669
Singapore,6,588651,1190003
Singapore,7,686760,1388337
Singapore,8,784868,1586671
Singapore,9,882977,1785005
Singapore,10,981085,1983338
Singapore,11,1079193,2181672
Singapore,12,1177302,2380006
Singapore,13,1275410,2578340
Singapore,14,1373519,2776674
Singapore,15,1471627,2975007
Singapore,16,1569736,3173341
Singapore,17,1667844,3371675
Singapore,18,1765953,3570009
Singapore,19,1864061,3768342
Singapore,20,1962170,3966676
Singapore,21,2060278,4165010
Singapore,22,2158386,4363344
Singapore,23,2256495,4561678
Singapore,24,2354603,4760011
Slovakia,1,28129,56864
Slovakia,2,56257,113727
Slovakia,3,84385,170591
Slovakia,4,112513,227454
Slovakia,5,140642,284317
Slovakia,6,168770,341181
Slovakia,7,196898,398044
Slovakia,8,225026,454907
Slovakia,9,253155,511771
Slovakia,10,281283,568634
Slovakia,11,309411,625498
Slovakia,12,337539,682361
Slovakia,13,365667,739224
Slovakia,14,393796,796088
Slovakia,15,421924,852951
Slovakia,16,450052,909814
Slovakia,17,478180,966678
Slovakia,18,506309,1023541
Slovakia,19,534437,1080405
Slovakia,20,562565,1137268
Slovakia,21,590693,1194131
Slovakia,22,618821,1250995
Slovakia,23,646950,1307858
Slovakia,24,675078,1364721
Slovenia,1,47648,96323
Slovenia,2,95295,192645
Slovenia,3,142942,288968
Slovenia,4,190589,385290
Slovenia,5,238236,481612
Slovenia,6,285883,577935
Slovenia,7,333530,674257
Slovenia,8,381178,770579
Slovenia,9,428825,866902
Slovenia,10,476472,963224
Slovenia,11,524119,1059546
Slovenia,12,571766,1155869
Slovenia,13,619413,1252191
Slovenia,14,667060,1348513
Slovenia,15,714708,1444836
Slovenia,16,762355,1541158
Slovenia,17,810002,1637480
Slovenia,18,857649,1733803
Slovenia,19,905296,1830125
Slovenia,20,952943,1926448
Slovenia,21,1000590,2022770
Slovenia,22,1048237,2119092
Slovenia,23,1095885,2215415
Slovenia,24,1143532,2311737
South Africa,1,142154,287374
South Africa,2,284307,574748
South Africa,3,426461,862122
South Africa,4,568614,1149496
South Africa,5,710767,1436870
South Africa,6,852921,1724244
South Africa,7,995074,2011618
South Africa,8,1137227,2298992
South Africa,9,1279381,2586366
South Africa,10,1421534,2873740
South Africa,11,1563687,3161114
South Africa,12,1705841,3448488
South Africa,13,1847994,3735862
South Africa,14,1990147,4023235
South Africa,15,2132301,4310609
South Africa,16,2274454,4597983
South Africa,17,2416607,4885357
South Africa,18,2558761,5172731
South Africa,19,2700914,5460105
South Africa,20,2843067,5747479
South Africa,21,2985221,6034853
South Africa,22,3127374,6322227
South Africa,23,3269527,6609601
South Africa,24,3411681,6896975
South Korea,1,87837,177569
South Korea,2,175674,355138
South Korea,3,263511,532707
South Korea,4,351348,710276
South Korea,5,439184,887845
South Korea,6,527021,1065414
South Korea,7,614858,1242982
South Korea,8,702695,1420551
South Korea,9,790532,1598120
South Korea,10,878368,1775689
South Korea,11,966205,1953258
South Korea,12,1054042,2130827
South Korea,13,1141879,2308395
South Korea,14,1229716,2485964
South Korea,15,1317552,2663533
South Korea,16,1405389,2841102
South Korea,17,1493226,3018671
South Korea,18,1581063,3196240
South Korea,19,1668900,3373808
South Korea,20,1756736,3551377
South Korea,21,1844573,3728946
South Korea,22,1932410,3906515
South Korea,23,2020247,4084084
South Korea,24,2108083,4261653
Spain,1,43642,88225
Spain,2,87284,176450
Spain,3,130925,264675
Spain,4,174567,352900
Spain,5,218208,441124
Spain,6,261850,529349
Spain,7,305491,617574
Spain,8,349133,705799
Spain,9,392774,794023
Spain,10,436416,882248
Spain,11,480058,970473
Spain,12,523699,1058698
Spain,13,567341,1146922
Spain,14,610982,1235147
Spain,15,654624,1323372
Spain,16,698265,1411597
Spain,17,741907,1499821
Spain,18,785548,1588046
Spain,19,829190,1676271
Spain,20,872832,1764496
Spain,21,916473,1852720
Spain,22,960115,1940945
Spain,23,1003756,2029170
Spain,24,1047398,2117395
Sweden,1,9057,18309
Sweden,2,18113,36617
Sweden,3,27170,54926
Sweden,4,36226,73234
Sweden,5,45283,91542
Sweden,6,54339,109851
Sweden,7,63396,128159
Sweden,8,72452,146468
Sweden,9,81509,164776
Sweden,10,90565,183084
Sweden,11,99622,201393
Sweden,12,108678,219701
Sweden,13,117735,238010
Sweden,14,126791,256318
Sweden,15,135848,274626
Sweden,16,144904,292935
Sweden,17,153961,311243
Sweden,18,163017,329551
Sweden,19,172074,347860
Sweden,20,181130,366168
Sweden,21,190187,384477
Sweden,22,199243,402785
Sweden,23,208300,421093
Sweden,24,217356,439402
Switzerland,1,8286,16750
Switzerland,2,16572,33500
Switzerland,3,24857,50250
Switzerland,4,33143,67000
Switzerland,5,41428,83750
Switzerland,6,49714,100500
Switzerland,7,57999,117250
Switzerland,8,66285,133999
Switzerland,9,74570,150749
Switzerland,10,82856,167499
Switzerland,11,91142,184249
Switzerland,12,99427,200999
Switzerland,13,107713,217749
Switzerland,14,115998,234499
Switzerland,15,124284,251249
Switzerland,16,132569,267998
Switzerland,17,140855,284748
Switzerland,18,149140,301498
Switzerland,19,157426,318248
Switzerland,20,165711,334998
Switzerland,21,173997,351748
Switzerland,22,182283,368498
Switzerland,23,190568,385248
Switzerland,24,198854,401997
Taiwan,1,112602,227633
Taiwan,2,225203,455265
Taiwan,3,337804,682897
Taiwan,4,450405,910529
Taiwan,5,563007,1138161
Taiwan,6,675608,1365793
Taiwan,7,788209,1593425
Taiwan,8,900810,1821057
Taiwan,9,1013412,2048689
Taiwan,10,1126013,2276321
Taiwan,11,1238614,2503953
Taiwan,12,1351215,2731585
Taiwan,13,1463816,2959217
Taiwan,14,1576418,3186849
Taiwan,15,1689019,3414481
Taiwan,16,1801620,3642113
Taiwan,17,1914221,3869745
Taiwan,18,2026823,4097377
Taiwan,19,2139424,4325009
Taiwan,20,2252025,4552642
Taiwan,21,2364626,4780274
Taiwan,22,2477227,5007906
Taiwan,23,2589829,5235538
Taiwan,24,2702430,5463170
Thailand,1,100677,203527
Thailand,2,201354,407053
Thailand,3,302031,610579
Thailand,4,402708,814105
Thailand,5,503385,1017632
Thailand,6,604062,1221158
Thailand,7,704739,1424684
Thailand,8,805416,1628210
Thailand,9,906093,1831737
Thailand,10,1006770,2035263
Thailand,11,1107447,2238789
Thailand,12,1208124,2442315
Thailand,13,1308801,2645841
Thailand,14,1409478,2849368
Thailand,15,1510155,3052894
Thailand,16,1610832,3256420
Thailand,17,1711509,3459946
Thailand,18,1812186,3663473
Thailand,19,1912863,3866999
Thailand,20,2013540,4070525
Thailand,21,2114217,4274051
Thailand,22,2214894,4477577
Thailand,23,2315571,4681104
Thailand,24,2416248,4884630
Tunisia,1,94225,190484
Tunisia,2,188450,380967
Tunisia,3,282675,571450
Tunisia,4,376900,761933
Tunisia,5,471125,952416
Tunisia,6,565350,1142899
Tunisia,7,659575,1333382
Tunisia,8,753800,1523865
Tunisia,9,848025,1714348
Tunisia,10,942250,1904831
Tunisia,11,1036475,2095314
Tunisia,12,1130700,2285798
Tunisia,13,1224925,2476281
Tunisia,14,1319150,2666764
Tunisia,15,1413375,2857247
Tunisia,16,1507600,3047730
Tunisia,17,1601825,3238213
Tunisia,18,1696050,3428696
Tunisia,19,1790275,3619179
Tunisia,20,1884500,3809662
Tunisia,21,1978725,4000145
Tunisia,22,2072950,4190628
Tunisia,23,2167175,4381111
Tunisia,24,2261400,4571595
Turkey,1,83020,167831
Turkey,2,166040,335661
Turkey,3,249059,503492
Turkey,4,332079,671322
Turkey,5,415098,839153
Turkey,6,498118,1006983
Turkey,7,581138,1174814
Turkey,8,664157,1342644
Turkey,9,747177,1510475
Turkey,10,830196,1678305
Turkey,11,913216,1846136
Turkey,12,996236,2013966
Turkey,13,1079255,2181797
Turkey,14,1162275,2349627
Turkey,15,1245294,2517458
Turkey,16,1328314,2685288
Turkey,17,1411334,2853119
Turkey,18,1494353,3020949
Turkey,19,1577373,3188780
Turkey,20,1660392,3356610
Turkey,21,1743412,3524441
Turkey,22,1826431,3692271
Turkey,23,1909451,3860102
Turkey,24,1992471,4027932
Ukraine,1,46717,94442
Ukraine,2,93434,188883
Ukraine,3,140150,283324
Ukraine,4,186867,377765
Ukraine,5,233583,472206
Ukraine,6,280300,566647
Ukraine,7,327016,661088
Ukraine,8,373733,755529
Ukraine,9,420449,849970
Ukraine,10,467166,944411
Ukraine,11,513882,1038852
Ukraine,12,560599,1133293
Ukraine,13,607315,1227734
Ukraine,14,654032,1322175
Ukraine,15,700748,1416616
Ukraine,16,747465,1511057
Ukraine,17,794182,1605499
Ukraine,18,840898,1699940
Ukraine,19,887615,1794381
Ukraine,20,934331,1888822
Ukraine,21,981048,1983263
Ukraine,22,1027764,2077704
Ukraine,23,1074481,2172145
Ukraine,24,1121197,2266586
United Arab Emirates,1,81890,165547
United Arab Emirates,2,163780,331094
United Arab Emirates,3,245670,496641
United Arab Emirates,4,327560,662187
United Arab Emirates,5,409450,827734
United Arab Emirates,6,491340,993281
United Arab Emirates,7,573230,1158828
United Arab Emirates,8,655120,1324374
United Arab Emirates,9,737010,1489921
United Arab Emirates,10,818899,1655468
United Arab Emirates,11,900789,1821015
United Arab Emirates,12,982679,1986561
United Arab Emirates,13,1064569,2152108
United Arab Emirates,14,1146459,2317655
United Arab Emirates,15,1228349,2483202
United Arab Emirates,16,1310239,2648748
United Arab Emirates,17,1392129,2814295
United Arab Emirates,18,1474019,2979842
United Arab Emirates,19,1555909,3145389
United Arab Emirates,20,1637798,3310935
United Arab Emirates,21,1719688,3476482
United Arab Emirates,22,1801578,3642029
United Arab Emirates,23,1883468,3807575
United Arab Emirates,24,1965358,3973122
United Kingdom,1,52420,105971
United Kingdom,2,104840,211942
United Kingdom,3,157260,317912
United Kingdom,4,209680,423883
United Kingdom,5,262099,529854
United Kingdom,6,314519,635824
United Kingdom,7,366939,741795
United Kingdom,8,419359,847766
United Kingdom,9,471779,953736
United Kingdom,10,524198,1059707
United Kingdom,11,576618,1165678
United Kingdom,12,629038,1271648
United Kingdom,13,681458,1377619
United Kingdom,14,733878,1483590
United Kingdom,15,786297,1589560
United Kingdom,16,838717,1695531
United Kingdom,17,891137,1801502
United Kingdom,18,943557,1907472
United Kingdom,19,995977,2013443
United Kingdom,20,1048396,2119414
United Kingdom,21,1100816,2225384
United Kingdom,22,1153236,2331355
United Kingdom,23,1205656,2437325
United Kingdom,24,1258076,2543296
USA,1,73887,149368
USA,2,147774,298735
USA,3,221660,448102
USA,4,295547,597470
USA,5,369433,746837
USA,6,443320,896204
USA,7,517206,1045572
USA,8,591093,1194939
USA,9,664979,1344306
USA,10,738866,1493674
USA,11,812752,1643041
USA,12,886639,1792408
USA,13,960525,1941776
USA,14,1034412,2091143
USA,15,1108298,2240510
USA,16,1182185,2389877
USA,17,1256072,2539245
USA,18,1329958,2688612
USA,19,1403845,2837979
USA,20,1477731,2987347
USA,21,1551618,3136714
USA,22,1625504,3286081
USA,23,1699391,3435449
USA,24,1773277,3584816
Uruguay,1,30134,60919
Uruguay,2,60268,121837
Uruguay,3,90402,182755
Uruguay,4,120536,243673
Uruguay,5,150670,304591
Uruguay,6,180804,365510
Uruguay,7,210938,426428
Uruguay,8,241072,487346
Uruguay,9,271206,548264
Uruguay,10,301340,609182
Uruguay,11,331474,670100
Uruguay,12,361608,731019
Uruguay,13,391742,791937
Uruguay,14,421876,852855
Uruguay,15,452010,913773
Uruguay,16,482144,974691
Uruguay,17,512278,1035609
Uruguay,18,542412,1096528
Uruguay,19,572546,1157446
Uruguay,20,602680,1218364
Uruguay,21,632814,1279282
Uruguay,22,662948,1340200
Uruguay,23,693082,1401118
Uruguay,24,723216,1462037
Vietnam,1,77578,156830
Vietnam,2,155156,313659
Vietnam,3,232734,470488
Vietnam,4,310311,627318
Vietnam,5,387889,784147
Vietnam,6,465467,940976
Vietnam,7,543044,1097805
Vietnam,8,620622,1254635
Vietnam,9,698200,1411464
Vietnam,10,775777,1568293
Vietnam,11,853355,1725122
Vietnam,12,930933,1881952
Vietnam,13,1008510,2038781
Vietnam,14,1086088,2195610
Vietnam,15,1163666,2352440
Vietnam,16,1241243,2509269
Vietnam,17,1318821,2666098
Vietnam,18,1396399,2822927
Vietnam,19,1473977,2979757
Vietnam,20,1551554,3136586
Vietnam,21,1629132,3293415
Vietnam,22,1706710,3450244
Vietnam,23,1784287,3607074
Vietnam,24,1861865,3763903
